{
    "affected_capacity": {
        "1": 106673.22016447507,
        "2": 112071.17844344414,
        "3": 11758.022131901564,
        "4": 48178.70749931611,
        "5": 59402.01733570766,
        "6": 173314.56417707007,
        "7": 146373.72531632078,
        "8": 37960.807401665224,
        "9": 151993.8527884947,
        "10": 34232.8836512785
    },
    "affected_demand": {
        "1": {
            "1": {
                "0": 18237,
                "1": 19165,
                "2": 15790,
                "3": 14904,
                "4": 22044,
                "5": 14122,
                "6": 16550,
                "7": 11791,
                "8": 17016,
                "9": 20028
            },
            "2": {
                "0": 25308,
                "1": 23246,
                "2": 23791,
                "3": 28084,
                "4": 26140,
                "5": 20815,
                "6": 28690,
                "7": 27137,
                "8": 24762,
                "9": 33638
            },
            "3": {
                "0": 33003,
                "1": 36504,
                "2": 34783,
                "3": 32928,
                "4": 34089,
                "5": 31596,
                "6": 35362,
                "7": 37764,
                "8": 29576,
                "9": 31130
            },
            "4": {
                "0": 40861,
                "1": 43542,
                "2": 37582,
                "3": 43843,
                "4": 39967,
                "5": 40096,
                "6": 41484,
                "7": 38952,
                "8": 38427,
                "9": 33422
            },
            "5": {
                "0": 40797,
                "1": 45566,
                "2": 41821,
                "3": 47997,
                "4": 49283,
                "5": 45128,
                "6": 43397,
                "7": 44437,
                "8": 47206,
                "9": 42710
            }
        },
        "2": {
            "1": {
                "0": 19159,
                "1": 20135,
                "2": 16589,
                "3": 15659,
                "4": 23160,
                "5": 14837,
                "6": 17388,
                "7": 12388,
                "8": 17877,
                "9": 21041
            },
            "2": {
                "0": 26588,
                "1": 24422,
                "2": 24995,
                "3": 29506,
                "4": 27463,
                "5": 21868,
                "6": 30142,
                "7": 28511,
                "8": 26015,
                "9": 35340
            },
            "3": {
                "0": 34673,
                "1": 38351,
                "2": 36543,
                "3": 34594,
                "4": 35814,
                "5": 33195,
                "6": 37151,
                "7": 39675,
                "8": 31073,
                "9": 32705
            },
            "4": {
                "0": 42928,
                "1": 45745,
                "2": 39483,
                "3": 46062,
                "4": 41990,
                "5": 42125,
                "6": 43583,
                "7": 40923,
                "8": 40371,
                "9": 35113
            },
            "5": {
                "0": 42862,
                "1": 47872,
                "2": 43937,
                "3": 50426,
                "4": 51776,
                "5": 47412,
                "6": 45593,
                "7": 46686,
                "8": 49595,
                "9": 44872
            }
        },
        "3": {
            "1": {
                "0": 2010,
                "1": 2112,
                "2": 1740,
                "3": 1642,
                "4": 2429,
                "5": 1556,
                "6": 1824,
                "7": 1299,
                "8": 1875,
                "9": 2207
            },
            "2": {
                "0": 2789,
                "1": 2562,
                "2": 2622,
                "3": 3095,
                "4": 2881,
                "5": 2294,
                "6": 3162,
                "7": 2991,
                "8": 2729,
                "9": 3707
            },
            "3": {
                "0": 3637,
                "1": 4023,
                "2": 3833,
                "3": 3629,
                "4": 3757,
                "5": 3482,
                "6": 3897,
                "7": 4162,
                "8": 3260,
                "9": 3431
            },
            "4": {
                "0": 4503,
                "1": 4799,
                "2": 4142,
                "3": 4832,
                "4": 4405,
                "5": 4419,
                "6": 4572,
                "7": 4293,
                "8": 4235,
                "9": 3683
            },
            "5": {
                "0": 4496,
                "1": 5022,
                "2": 4609,
                "3": 5290,
                "4": 5432,
                "5": 4974,
                "6": 4783,
                "7": 4898,
                "8": 5203,
                "9": 4707
            }
        },
        "4": {
            "1": {
                "0": 8236,
                "1": 8656,
                "2": 7131,
                "3": 6731,
                "4": 9956,
                "5": 6378,
                "6": 7475,
                "7": 5325,
                "8": 7685,
                "9": 9045
            },
            "2": {
                "0": 11430,
                "1": 10499,
                "2": 10745,
                "3": 12684,
                "4": 11806,
                "5": 9401,
                "6": 12957,
                "7": 12256,
                "8": 11183,
                "9": 15192
            },
            "3": {
                "0": 14905,
                "1": 16487,
                "2": 15709,
                "3": 14872,
                "4": 15396,
                "5": 14270,
                "6": 15971,
                "7": 17056,
                "8": 13358,
                "9": 14059
            },
            "4": {
                "0": 18454,
                "1": 19665,
                "2": 16973,
                "3": 19801,
                "4": 18051,
                "5": 18109,
                "6": 18736,
                "7": 17592,
                "8": 17355,
                "9": 15095
            },
            "5": {
                "0": 18426,
                "1": 20579,
                "2": 18888,
                "3": 21677,
                "4": 22258,
                "5": 20382,
                "6": 19600,
                "7": 20070,
                "8": 21320,
                "9": 19290
            }
        },
        "5": {
            "1": {
                "0": 10155,
                "1": 10672,
                "2": 8793,
                "3": 8299,
                "4": 12275,
                "5": 7864,
                "6": 9216,
                "7": 6566,
                "8": 9475,
                "9": 11152
            },
            "2": {
                "0": 14093,
                "1": 12944,
                "2": 13248,
                "3": 15639,
                "4": 14556,
                "5": 11591,
                "6": 15976,
                "7": 15112,
                "8": 13788,
                "9": 18731
            },
            "3": {
                "0": 18378,
                "1": 20327,
                "2": 19369,
                "3": 18336,
                "4": 18982,
                "5": 17595,
                "6": 19691,
                "7": 21029,
                "8": 16469,
                "9": 17335
            },
            "4": {
                "0": 22753,
                "1": 24247,
                "2": 20928,
                "3": 24414,
                "4": 22256,
                "5": 22328,
                "6": 23101,
                "7": 21690,
                "8": 21398,
                "9": 18611
            },
            "5": {
                "0": 22718,