{
    "affected_capacity": {
        "1": 140384.9810709029,
        "2": 70169.20264693492,
        "3": 53597.541178570274,
        "4": 124526.86050668482,
        "5": 35088.3273856301,
        "6": 182593.81324934805,
        "7": 122289.36017801636,
        "8": 151199.87649798067,
        "9": 68460.80314536208,
        "10": 45960.976776228876
    },
    "affected_demand": {
        "1": {
            "1": {
                "0": 59762,
                "1": 59980,
                "2": 58091,
                "3": 62420,
                "4": 61814,
                "5": 50885,
                "6": 55390,
                "7": 64617,
                "8": 56134,
                "9": 57202
            },
            "2": {
                "0": 48434,
                "1": 42800,
                "2": 40602,
                "3": 39282,
                "4": 47580,
                "5": 49992,
                "6": 44982,
                "7": 46022,
                "8": 45236,
                "9": 43722
            },
            "3": {
                "0": 33975,
                "1": 25623,
                "2": 39249,
                "3": 35854,
                "4": 37183,
                "5": 35691,
                "6": 40473,
                "7": 33360,
                "8": 30803,
                "9": 32149
            },
            "4": {
                "0": 24851,
                "1": 29712,
                "2": 30441,
                "3": 27669,
                "4": 32086,
                "5": 28954,
                "6": 25328,
                "7": 26484,
                "8": 34476,
                "9": 23079
            },
            "5": {
                "0": 34097,
                "1": 24863,
                "2": 20897,
                "3": 27699,
                "4": 23622,
                "5": 22211,
                "6": 25679,
                "7": 19330,
                "8": 27221,
                "9": 22504
            }
        },
        "2": {
            "1": {
                "0": 29871,
                "1": 29980,
                "2": 29036,
                "3": 31199,
                "4": 30896,
                "5": 25434,
                "6": 27685,
                "7": 32298,
                "8": 28057,
                "9": 28591
            },
            "2": {
                "0": 24209,
                "1": 21392,
                "2": 20294,
                "3": 19634,
                "4": 23782,
                "5": 24987,
                "6": 22483,
                "7": 23003,
                "8": 22610,
                "9": 21853
            },
            "3": {
                "0": 16981,
                "1": 12807,
                "2": 19617,
                "3": 17921,
                "4": 18585,
                "5": 17839,
                "6": 20229,
                "7": 16674,
                "8": 15396,
                "9": 16069
            },
            "4": {
                "0": 12421,
                "1": 14851,
                "2": 15215,
                "3": 13829,
                "4": 16037,
                "5": 14472,
                "6": 12660,
                "7": 13237,
                "8": 17232,
                "9": 11535
            },
            "5": {
                "0": 17043,
                "1": 12427,
                "2": 10445,
                "3": 13845,
                "4": 11807,
                "5": 11102,
                "6": 12835,
                "7": 9662,
                "8": 13606,
                "9": 11248
            }
        },
        "3": {
            "1": {
                "0": 22816,
                "1": 22900,
                "2": 22178,
                "3": 23831,
                "4": 23600,
                "5": 19427,
                "6": 21147,
                "7": 24670,
                "8": 21431,
                "9": 21839
            },
            "2": {
                "0": 18491,
                "1": 16340,
                "2": 15501,
                "3": 14997,
                "4": 18165,
                "5": 19086,
                "6": 17173,
                "7": 17571,
                "8": 17270,
                "9": 16692
            },
            "3": {
                "0": 12971,
                "1": 9782,
                "2": 14984,
                "3": 13688,
                "4": 14196,
                "5": 13626,
                "6": 15452,
                "7": 12736,
                "8": 11760,
                "9": 12274
            },
            "4": {
                "0": 9488,
                "1": 11343,
                "2": 11622,
                "3": 10563,
                "4": 12250,
                "5": 11054,
                "6": 9670,
                "7": 10111,
                "8": 13162,
                "9": 8811
            },
            "5": {
                "0": 13018,
                "1": 9492,
                "2": 7978,
                "3": 10575,
                "4": 9019,
                "5": 8480,
                "6": 9804,
                "7": 7380,
                "8": 10393,
                "9": 8592
            }
        },
        "4": {
            "1": {
                "0": 53011,
                "1": 53205,
                "2": 51529,
                "3": 55369,
                "4": 54831,
                "5": 45137,
                "6": 49133,
                "7": 57318,
                "8": 49793,
                "9": 50740
            },
            "2": {
                "0": 42963,
                "1": 37965,
                "2": 36015,
                "3": 34844,
                "4": 42205,
                "5": 44344,
                "6": 39900,
                "7": 40823,
                "8": 40126,
                "9": 38783
            },
            "3": {
                "0": 30137,
                "1": 22729,
                "2": 34815,
                "3": 31804,
                "4": 32983,
                "5": 31659,
                "6": 35901,
                "7": 29592,
                "8": 27324,
                "9": 28518
            },
            "4": {
                "0": 22044,
                "1": 26355,
                "2": 27002,
                "3": 24543,
                "4": 28461,
                "5": 25683,
                "6": 22467,
                "7": 23492,
                "8": 30581,
                "9": 20471
            },
            "5": {
                "0": 30245,
                "1": 22054,
                "2": 18536,
                "3": 24570,
                "4": 20954,
                "5": 19702,
                "6": 22778,
                "7": 17147,
                "8": 24146,
                "9": 19962
            }
        },
        "5": {
            "1": {
                "0": 14937,
                "1": 14991,
                "2": 14519,
                "3": 15601,
                "4": 15450,
                "5": 12718,
                "6": 13844,
                "7": 16150,
                "8": 14030,
                "9": 14297
            },
            "2": {
                "0": 12105,
                "1": 10697,
                "2": 10148,
                "3": 9818,
                "4": 11892,
                "5": 12495,
                "6": 11242,
                "7": 11503,
                "8": 11306,
                "9": 10928
            },
            "3": {
                "0": 8491,
                "1": 6404,
                "2": 9810,
                "3": 8961,
                "4": 9293,
                "5": 8920,
                "6": 10116,
                "7": 8338,
                "8": 7699,
                "9": 8035
            },
            "4": {
                "0": 6211,
                "1": 7426,
                "2": 7608,
                "3": 6915,
                "4": 8019,
                "5": 7236,
                "6": 6330,
                "7": 6619,
                "8": 8617,
                "9": 5768
            },