{
    "affected_capacity": {
        "1": 95470.7,
        "2": 9911.2,
        "3": 26262.600000000002,
        "4": 60971.3,
        "5": 86789.3,
        "6": 33550.4,
        "7": 91214.5,
        "8": 84411.6,
        "9": 11668.800000000001,
        "10": 64740.0
    },
    "affected_demand": {
        "1": {
            "1": {
                "0": 41334,
                "1": 41555,
                "2": 37762,
                "3": 38971,
                "4": 36169,
                "5": 30297,
                "6": 35606,
                "7": 34689,
                "8": 33476,
                "9": 36888
            },
            "2": {
                "0": 37910,
                "1": 33577,
                "2": 34382,
                "3": 35967,
                "4": 29964,
                "5": 37643,
                "6": 43774,
                "7": 38872,
                "8": 34827,
                "9": 40015
            },
            "3": {
                "0": 36741,
                "1": 40712,
                "2": 32603,
                "3": 35922,
                "4": 35231,
                "5": 34631,
                "6": 30077,
                "7": 39525,
                "8": 37941,
                "9": 43564
            },
            "4": {
                "0": 38571,
                "1": 35883,
                "2": 34529,
                "3": 33175,
                "4": 39486,
                "5": 35515,
                "6": 37456,
                "7": 30943,
                "8": 41826,
                "9": 40065
            },
            "5": {
                "0": 30711,
                "1": 38225,
                "2": 32139,
                "3": 43720,
                "4": 37253,
                "5": 38730,
                "6": 35928,
                "7": 35755,
                "8": 33847,
                "9": 40951
            }
        },
        "2": {
            "1": {
                "0": 4291,
                "1": 4313,
                "2": 3920,
                "3": 4045,
                "4": 3754,
                "5": 3145,
                "6": 3696,
                "7": 3601,
                "8": 3475,
                "9": 3829
            },
            "2": {
                "0": 3935,
                "1": 3485,
                "2": 3569,
                "3": 3733,
                "4": 3110,
                "5": 3907,
                "6": 4544,
                "7": 4035,
                "8": 3615,
                "9": 4154
            },
            "3": {
                "0": 3814,
                "1": 4226,
                "2": 3384,
                "3": 3729,
                "4": 3657,
                "5": 3595,
                "6": 3122,
                "7": 4103,
                "8": 3938,
                "9": 4522
            },
            "4": {
                "0": 4004,
                "1": 3725,
                "2": 3584,
                "3": 3444,
                "4": 4099,
                "5": 3687,
                "6": 3888,
                "7": 3212,
                "8": 4342,
                "9": 4159
            },
            "5": {
                "0": 3188,
                "1": 3968,
                "2": 3336,
                "3": 4538,
                "4": 3867,
                "5": 4020,
                "6": 3729,
                "7": 3711,
                "8": 3513,
                "9": 4251
            }
        },
        "3": {
            "1": {
                "0": 11370,
                "1": 11431,
                "2": 10387,
                "3": 10720,
                "4": 9949,
                "5": 8334,
                "6": 9794,
                "7": 9542,
                "8": 9208,
                "9": 10147
            },
            "2": {
                "0": 10428,
                "1": 9236,
                "2": 9458,
                "3": 9894,
                "4": 8242,
                "5": 10355,
                "6": 12041,
                "7": 10693,
                "8": 9580,
                "9": 11007
            },
            "3": {
                "0": 10107,
                "1": 11199,
                "2": 8968,
                "3": 9881,
                "4": 9691,
                "5": 9526,
                "6": 8273,
                "7": 10872,
                "8": 10437,
                "9": 11983
            },
            "4": {
                "0": 10610,
                "1": 9870,
                "2": 9498,
                "3": 9126,
                "4": 10862,
                "5": 9769,
                "6": 10303,
                "7": 8512,
                "8": 11505,
                "9": 11021
            },
            "5": {
                "0": 8448,
                "1": 10515,
                "2": 8841,
                "3": 12026,
                "4": 10248,
                "5": 10654,
                "6": 9883,
                "7": 9835,
                "8": 9311,
                "9": 11265
            }
        },
        "4": {
            "1": {
                "0": 26397,
                "1": 26538,
                "2": 24116,
                "3": 24888,
                "4": 23098,
                "5": 19349,
                "6": 22739,
                "7": 22154,
                "8": 21379,
                "9": 23558
            },
            "2": {
                "0": 24211,
                "1": 21444,
                "2": 21957,
                "3": 22970,
                "4": 19136,
                "5": 24040,
                "6": 27956,
                "7": 24825,
                "8": 22242,
                "9": 25555
            },
            "3": {
                "0": 23464,
                "1": 26000,
                "2": 20822,
                "3": 22941,
                "4": 22500,
                "5": 22117,
                "6": 19208,
                "7": 25242,
                "8": 24230,
                "9": 27821
            },
            "4": {
                "0": 24633,
                "1": 22916,
                "2": 22052,
                "3": 21187,
                "4": 25217,
                "5": 22681,
                "6": 23921,
                "7": 19761,
                "8": 26711,
                "9": 25587
            },
            "5": {
                "0": 19613,
                "1": 24412,
                "2": 20525,
                "3": 27921,
                "4": 23791,
                "5": 24734,
                "6": 22945,
                "7": 22834,
                "8": 21616,
                "9": 26153
            }
        },
        "5": {
            "1": {
                "0": 37575,
                "1": 37776,
                "2": 34328,
                "3": 35427,
                "4": 32880,
                "5": 27542,
                "6": 32369,
                "7": 31535,
                "8": 30432,
                "9": 33533
            },
            "2": {
                "0": 34463,
                "1": 30524,
                "2": 31256,
                "3": 32696,
                "4": 27239,
                "5": 34220,
                "6": 39794,
                "7": 35337,
                "8": 31660,
                "9": 36376
            },
            "3": {
                "0": 33400,
                "1": 37010,
                "2": 29639,
                "3": 32655,
                "4": 32028,
                "5": 31482,
                "6": 27342,
                "7": 35931,
                "8": 34491,
                "9": 39602
            },
            "4": {
                "0": 35063,
                "1": 32620,
                "2": 31389,
                "3": 30159,
                "4": 35895,
                "5": 32285,
                "6": 34050,
                "7": 28129,
                "8": 38022,
                "9": 36422
            },
            "5": {
                "0": 27918,
                "1": 34749,
                "2": 29216,
                "3": 39744,